1,aligned-images/calvin/Calvin_2.png
1,aligned-images/calvin/Calvin_1.png
1,aligned-images/calvin/calvin_0.png
2,aligned-images/unknown/unknown_0.png
3,aligned-images/ethan/ethan_24.png
3,aligned-images/ethan/ethan_12.png
3,aligned-images/ethan/ethan_6.png
3,aligned-images/ethan/ethan_14.png
3,aligned-images/ethan/ethan_25.png
3,aligned-images/ethan/ethan_7.png
3,aligned-images/ethan/ethan10.jpg
3,aligned-images/ethan/ethan_13.png
3,aligned-images/ethan/ethan_15.png
3,aligned-images/ethan/ethan_26.png
3,aligned-images/ethan/ethan_27.png
3,aligned-images/ethan/ethan_17.png
3,aligned-images/ethan/ethan_0-2.png
3,aligned-images/ethan/ethan_3.png
3,aligned-images/ethan/ethan_5.png
3,aligned-images/ethan/ethan_4.png
3,aligned-images/ethan/ethan_16.png
3,aligned-images/ethan/ethan_20.png
3,aligned-images/ethan/ethan_0-1.png
3,aligned-images/ethan/ethan9.jpg
3,aligned-images/ethan/ethan8.png
3,aligned-images/ethan/ethan_18.png
3,aligned-images/ethan/ethan_19.png
3,aligned-images/ethan/ethan10.png
3,aligned-images/ethan/ethan9.png
3,aligned-images/ethan/ethan_0.png
3,aligned-images/ethan/ethan_21.png
3,aligned-images/ethan/person2018082504254081_1.png
