1,aligned-images/calvin/calvin_0.png
2,aligned-images/ethan/ethan_12.png
2,aligned-images/ethan/ethan_18.png
2,aligned-images/ethan/ethan_6.png
2,aligned-images/ethan/ethan_16.png
2,aligned-images/ethan/ethan_15.png
2,aligned-images/ethan/ethan_17.png
2,aligned-images/ethan/ethan_13.png
2,aligned-images/ethan/ethan10.png
2,aligned-images/ethan/ethan8.png
2,aligned-images/ethan/ethan_14.png
2,aligned-images/ethan/ethan10.jpg
2,aligned-images/ethan/ethan_4.png
2,aligned-images/ethan/ethan_3.png
2,aligned-images/ethan/ethan9.jpg
2,aligned-images/ethan/ethan_0.png
2,aligned-images/ethan/ethan_21.png
2,aligned-images/ethan/ethan_19.png
2,aligned-images/ethan/ethan_0-1.png
2,aligned-images/ethan/ethan_0-2.png
2,aligned-images/ethan/ethan9.png
2,aligned-images/ethan/ethan_20.png
2,aligned-images/ethan/ethan_5.png
2,aligned-images/ethan/ethan_7.png
